get_project_timeline,{'project_id': 'anything'}
get_recent_activity_log,"{'user_id': 'anything', 'limit': 'anything'}"
filter_users_by_skill,"{'skill_name': 'anything', 'minimum_proficiency': 'anything'}"
list_user_tasks,"{'user_id': 'anything', 'completed': ['True', 'False']}"
mark_task_as_completed,{'task_id': 'anything'}
generate_report_from_template,"{'report_template_id': 'anything', 'data_source_id': 'anything'}"
estimate_task_duration,"{'task_id': 'anything', 'complexity_level': ['low', 'medium', 'high']}"
update_user_status,"{'user_id': 'anything', 'status': 'anything'}"
filter_work_by_date_range,"{'start_date': 'anything', 'end_date': 'anything', 'work_type': 'anything'}"
delete_objects_by_id,{'object_ids': 'anything'}
merge_duplicate_objects,"{'primary_object_id': 'anything', 'duplicate_object_id': 'anything'}"
retrieve_user_permissions,{'user_id': 'anything'}
list_user_skills,{'user_id': 'anything'}
remove_object_by_id,{'object_id': 'anything'}
generate_report_data,"{'report_type': 'anything', 'data_set_id': 'anything'}"
get_ticket_comments,{'ticket_id': 'anything'}
calculate_budget_remaining,{'budget_id': 'anything'}
estimate_time_for_task,"{'task_id': 'anything', 'estimation_hours': 'anything'}"
calculate_progress_percentage,{'project_id': 'anything'}
archive_old_tickets,"{'older_than_date': 'anything', 'active_status': ['True', 'False']}"
generate_report_from_data,"{'dataset_id': 'anything', 'report_type': 'anything'}"
remove_users_from_group,"{'user_ids': 'anything', 'group_id': 'anything'}"
mark_ticket_as_resolved,{'ticket_id': 'anything'}
assign_tasks_to_employee,"{'task_ids': 'anything', 'employee_id': 'anything'}"
notify_user_of_overdue_tasks,{'user_id': 'anything'}
retrieve_user_contact_info,{'user_id': 'anything'}
filter_contacts_by_organization,"{'organization_id': 'anything', 'active_only': ['True', 'False']}"
toggle_feature_access,"{'feature_id': 'anything', 'user_id': 'anything', 'enable_access': ['True', 'False']}"
get_ticket_history,{'ticket_id': 'anything'}
update_stage_of_work_item,"{'work_item_id': 'anything', 'new_stage': 'anything'}"
merge_duplicate_tickets,"{'primary_ticket_id': 'anything', 'duplicate_ticket_ids': 'anything'}"
list_completed_items_by_user,{'user_id': 'anything'}
update_contact_information,"{'contact_id': 'anything', 'new_phone': 'anything', 'new_email': 'anything'}"
get_user_avatar,{'user_id': 'anything'}
merge_duplicate_tasks,"{'primary_task_id': 'anything', 'duplicate_task_ids': 'anything'}"
link_related_tickets,"{'ticket_id': 'anything', 'related_ids': 'anything'}"
mark_item_as_duplicated,"{'work_item_id': 'anything', 'duplicate_of_id': 'anything'}"
extend_sprint_end_date,"{'sprint_id': 'anything', 'new_end_date': 'anything'}"
merge_duplicate_records,"{'primary_record_id': 'anything', 'duplicate_record_id': 'anything'}"
validate_data_integrity,{'data_point_ids': 'anything'}
remove_object_from_project,"{'object_id': 'anything', 'project_id': 'anything'}"
retrieve_sprint_workload,{'sprint_id': 'anything'}
update_contact_info,"{'contact_id': 'anything', 'new_email': 'anything', 'new_phone': 'anything'}"
update_object_status,"{'object_id': 'anything', 'new_status': 'anything', 'changed_by': 'anything'}"
allocate_resources_to_project,"{'project_id': 'anything', 'resource_ids': 'anything'}"
check_availability_of_part,{'part_id': 'anything'}
validate_object_existence,{'object_id': 'anything'}
check_ticket_status,{'ticket_id': 'anything'}
schedule_meeting_with_user,"{'user_id': 'anything', 'duration': 'anything', 'urgent': ['True', 'False']}"
validate_project_completion,{'project_id': 'anything'}
assign_ticket_to_user,"{'ticket_id': 'anything', 'user_id': 'anything'}"
get_user_workload,{'user_id': 'anything'}
generate_unique_identifier,"{'prefix': 'anything', 'use_timestamp': ['True', 'False']}"
list_completed_tasks_by_user,{'user_id': 'anything'}
filter_objects_by_type,"{'object_ids': 'anything', 'object_type': 'anything'}"
mark_ticket_for_review,"{'ticket_id': 'anything', 'reviewer_id': 'anything'}"
list_recent_activities,"{'user_id': 'anything', 'limit': 'anything'}"
deactivate_user_account,"{'user_id': 'anything', 'reason': 'anything'}"
remove_object_from_inventory,{'object_id': 'anything'}
update_issue_status,"{'issue_id': 'anything', 'new_status': ['open', 'in_progress', 'resolved', 'closed']}"
generate_summary_report,{'object_ids': 'anything'}
filter_tasks_by_completion,"{'task_ids': 'anything', 'completed': ['True', 'False']}"
assign_tasks_to_user,"{'task_ids': 'anything', 'user_id': 'anything'}"
fetch_user_tasks,"{'user_id': 'anything', 'include_completed': ['True', 'False']}"
update_issue_with_solution,"{'issue_id': 'anything', 'solution_text': 'anything'}"
set_user_permission,"{'user_id': 'anything', 'permission_level': 'anything'}"
calculate_work_left,{'project_id': 'anything'}
retrieve_archived_documents,"{'archive_id': 'anything', 'keyword': 'anything'}"
create_report_for_sprint,"{'sprint_id': 'anything', 'report_type': 'anything'}"
filter_tasks_by_due_date,"{'task_ids': 'anything', 'due_date': 'anything'}"
filter_records_by_date,"{'record_ids': 'anything', 'start_date': 'anything', 'end_date': 'anything'}"
generate_report,"{'report_type': 'anything', 'subject_id': 'anything', 'include_summary': ['True', 'False']}"
estimate_work_hours,{'work_id': 'anything'}
assign_task_to_user,"{'task_id': 'anything', 'user_id': 'anything'}"
list_department_members,{'department_id': 'anything'}
generate_report_for_sprint,{'sprint_id': 'anything'}
create_new_ticket,"{'title': 'anything', 'description': 'anything', 'reported_by': 'anything'}"
filter_projects_by_category,"{'category_id': 'anything', 'active_only': ['True', 'False']}"
assign_task_to_user,"{'task_id': 'anything', 'user_id': 'anything'}"
check_inventory_availability,"{'part_id': 'anything', 'minimum_quantity': 'anything'}"
log_user_activity,"{'user_id': 'anything', 'activity_description': 'anything'}"
log_system_event,"{'event_type': 'anything', 'description': 'anything', 'user_id': 'anything'}"
extract_keywords_from_text,{'text': 'anything'}
check_object_permission,"{'user_id': 'anything', 'object_id': 'anything'}"
update_ticket_status,"{'ticket_id': 'anything', 'new_status': 'anything'}"
get_object_history,{'object_id': 'anything'}
calculate_estimated_effort,{'work_id': 'anything'}
calculate_budget_allocation,"{'project_id': 'anything', 'cost_limit': 'anything'}"
fetch_ticket_history,"{'ticket_id': 'anything', 'history_limit': 'anything'}"
generate_work_report,{'work_ids': 'anything'}
calculate_due_dates,"{'work_item_ids': 'anything', 'urgency_level': ['high', 'medium', 'low']}"
batch_update_user_roles,"{'user_ids': 'anything', 'new_role': 'anything'}"
calculate_user_workload,{'user_id': 'anything'}
estimate_completion_time,{'task_id': 'anything'}
generate_report_by_tag,"{'tag_id': 'anything', 'include_archived': ['True', 'False']}"
convert_task_to_ticket,{'task_id': 'anything'}
link_issues_to_project,"{'issue_ids': 'anything', 'project_id': 'anything'}"
calculate_project_completion_rate,{'project_id': 'anything'}
update_work_item_status,"{'work_item_id': 'anything', 'new_status': 'anything'}"
link_related_objects,"{'object_id': 'anything', 'related_object_id': 'anything'}"
fetch_users_from_group,{'group_id': 'anything'}
assign_tickets_to_user,"{'ticket_ids': 'anything', 'user_id': 'anything'}"
get_task_dependencies,{'task_id': 'anything'}
calculate_effort_for_task,{'task_id': 'anything'}
remove_user_from_project,"{'user_id': 'anything', 'project_id': 'anything'}"
generate_progress_report,{'project_id': 'anything'}
generate_project_summary,{'project_id': 'anything'}
validate_work_item_completeness,{'work_id': 'anything'}
generate_progress_report,"{'project_id': 'anything', 'report_format': 'anything'}"
list_completed_tasks_by_user,"{'user_id': 'anything', 'project_id': 'anything'}"
remove_object_from_archive,{'object_id': 'anything'}
calculate_time_until_deadline,{'work_item_id': 'anything'}
validate_user_permissions,"{'user_id': 'anything', 'required_permissions': 'anything'}"
track_time_on_task,"{'task_id': 'anything', 'hours_spent': 'anything'}"
archive_completed_work,{'work_ids': 'anything'}
calculate_estimated_completion,{'project_id': 'anything'}
log_system_activity,"{'activity_description': 'anything', 'user_id': 'anything'}"
merge_ticket_notes,"{'ticket_id': 'anything', 'note_ids': 'anything', 'updated_by': 'anything'}"
estimate_ticket_resolution_time,{'ticket_id': 'anything'}
validate_data_consistency,"{'data_id': 'anything', 'schema_id': 'anything'}"
assign_issues_to_user,"{'issue_ids': 'anything', 'user_id': 'anything'}"
fetch_user_created_work,"{'user_id': 'anything', 'work_type': 'anything'}"
batch_update_task_status,"{'task_ids': 'anything', 'new_status': 'anything'}"
archive_completed_tasks,"{'project_id': 'anything', 'completed_since': 'anything'}"
retrieve_user_workload,{'user_id': 'anything'}
calculate_expense_totals,{'expense_ids': 'anything'}
get_user_permissions,{'user_id': 'anything'}
calculate_cost_of_tasks,{'task_ids': 'anything'}
update_work_item_due_date,"{'work_item_id': 'anything', 'due_date': 'anything'}"
retrieve_document_by_keyword,{'keyword': 'anything'}
filter_projects_by_status,"{'project_ids': 'anything', 'status': 'anything'}"
extract_contact_info,"{'text_id': 'anything', 'entity_type': ['individual', 'company']}"
get_work_item_history,{'work_id': 'anything'}
list_user_permissions,{'user_id': 'anything'}
merge_duplicate_work_items,"{'primary_work_id': 'anything', 'duplicate_work_ids': 'anything'}"
track_project_completion,{'project_id': 'anything'}
find_work_items_by_tag,"{'work_type': 'anything', 'tag': 'anything'}"
filter_users_by_department,"{'department_id': 'anything', 'active_only': ['True', 'False']}"
find_user_by_email,{'email': 'anything'}
list_recent_projects,"{'user_id': 'anything', 'days_back': 'anything'}"
validate_work_item_status,"{'work_item_id': 'anything', 'status_options': 'anything'}"
list_all_blocked_tickets,{}
get_user_contact_info,{'user_id': 'anything'}
calculate_progress,{'project_id': 'anything'}
filter_tickets_by_date,"{'ticket_ids': 'anything', 'start_date': 'anything', 'end_date': 'anything'}"
link_related_documents,"{'doc_id': 'anything', 'related_doc_ids': 'anything'}"
filter_work_by_date_range,"{'start_date': 'anything', 'end_date': 'anything', 'work_type': ['issue', 'ticket', 'task']}"
convert_task_to_subtask,"{'task_id': 'anything', 'parent_task_id': 'anything'}"
estimate_cost_for_work,"{'work_id': 'anything', 'cost_per_hour': 'anything'}"
calculate_estimate_completion_time,{'work_id': 'anything'}
find_team_members,{'team_id': 'anything'}
get_team_member_list,{'team_id': 'anything'}
remove_work_item_from_sprint,"{'work_id': 'anything', 'sprint_id': 'anything'}"
reassign_work_item_owner,"{'work_id': 'anything', 'new_owner_id': 'anything'}"
list_work_attachments,{'work_id': 'anything'}
calculate_work_item_duration,{'work_id': 'anything'}
calculate_workload_for_user,{'user_id': 'anything'}
